Date,HomeTeam,AwayTeam,FTHG,FTAG,FTR,HTHG,HTAG,HTR,B365H,B365D,B365A,1/H,1/D,1/A,xPTSh,xPTSa
16/08/14,Arsenal,CPalace,2,1,H,1,1,D,1.25,6.50,15.00,0.80,0.15,0.07,2.55,0.36
16/08/14,Leicester,Everton,2,2,D,1,2,A,3.20,3.40,2.40,0.31,0.29,0.42,1.22,1.55
16/08/14,Man Utd,Swansea,1,2,A,0,1,A,1.36,5.00,11.00,0.74,0.20,0.09,2.42,0.47
16/08/14,QPR,Hull,0,1,A,0,0,D,2.50,3.30,3.10,0.40,0.30,0.32,1.50,1.26
16/08/14,Stoke,Aston Villa,0,1,A,0,0,D,1.95,3.50,4.50,0.51,0.29,0.22,1.82,0.95
16/08/14,West Brom,Sunderland,2,2,D,1,1,D,2.25,3.40,3.50,0.44,0.29,0.29,1.61,1.16
16/08/14,West Ham,Spurs,0,1,A,0,0,D,3.80,3.60,2.05,0.26,0.28,0.49,1.06,1.75
17/08/14,Liverpool,Southampton,2,1,H,1,0,H,1.33,5.75,10.00,0.75,0.17,0.10,2.42,0.47
17/08/14,Newcastle,Man City,0,2,A,0,1,A,5.25,4.33,1.67,0.19,0.23,0.60,0.80,2.03
18/08/14,Burnley,Chelsea,1,3,A,1,3,A,9.00,5.00,1.40,0.11,0.20,0.71,0.53,2.33
23/08/14,Aston Villa,Newcastle,0,0,D,0,0,D,2.50,3.40,3.00,0.40,0.29,0.33,1.49,1.28
23/08/14,Chelsea,Leicester,2,0,H,0,0,D,1.20,7.50,17.00,0.83,0.13,0.06,2.62,0.31
23/08/14,CPalace,West Ham,1,3,A,0,2,A,2.50,3.30,3.10,0.40,0.30,0.32,1.50,1.26
23/08/14,Everton,Arsenal,2,2,D,2,0,H,2.80,3.40,2.70,0.36,0.29,0.37,1.37,1.40
23/08/14,Southampton,West Brom,0,0,D,0,0,D,1.85,3.70,4.75,0.54,0.27,0.21,1.89,0.90
23/08/14,Swansea,Burnley,1,0,H,1,0,H,1.65,4.00,6.00,0.61,0.25,0.17,2.08,0.76
24/08/14,Hull,Stoke,1,1,D,1,0,H,2.50,3.25,3.20,0.40,0.31,0.31,1.51,1.24
24/08/14,Sunderland,Man Utd,1,1,D,1,1,D,5.00,4.00,1.75,0.20,0.25,0.57,0.85,1.96
24/08/14,Spurs,QPR,4,0,H,3,0,H,1.45,4.75,8.00,0.69,0.21,0.13,2.28,0.60
25/08/14,Man City,Liverpool,3,1,H,1,0,H,1.85,4.00,4.33,0.54,0.25,0.23,1.87,0.94
30/08/14,Burnley,Man Utd,0,0,D,0,0,D,6.00,4.20,1.62,0.17,0.24,0.62,0.75,2.10
30/08/14,Everton,Chelsea,3,6,A,1,2,A,3.75,3.30,2.20,0.27,0.30,0.45,1.11,1.65
30/08/14,Man City,Stoke,0,1,A,0,0,D,1.18,8.00,18.00,0.85,0.13,0.06,2.68,0.31
30/08/14,Newcastle,CPalace,3,3,D,1,1,D,1.75,3.75,5.25,0.57,0.27,0.19,1.98,0.84
30/08/14,QPR,Sunderland,1,0,H,1,0,H,2.40,3.25,3.30,0.42,0.31,0.30,1.57,1.21
30/08/14,Swansea,West Brom,3,0,H,2,0,H,1.85,3.60,4.75,0.54,0.28,0.21,1.90,0.91
30/08/14,West Ham,Southampton,1,3,A,1,1,D,2.80,3.40,2.70,0.36,0.29,0.37,1.37,1.40
31/08/14,Aston Villa,Hull,2,1,H,2,0,H,2.30,3.30,3.50,0.43,0.30,0.29,1.59,1.17
31/08/14,Leicester,Arsenal,1,1,D,1,1,D,4.75,3.75,1.83,0.21,0.27,0.55,0.90,1.92
31/08/14,Spurs,Liverpool,0,3,A,0,1,A,2.70,3.50,2.70,0.37,0.29,0.37,1.40,1.40
13/09/14,Arsenal,Man City,2,2,D,0,1,A,3.00,3.40,2.50,0.33,0.29,0.40,1.28,1.49
13/09/14,Chelsea,Swansea,4,2,H,1,1,D,1.30,5.75,12.00,0.77,0.17,0.08,2.48,0.41
13/09/14,CPalace,Burnley,0,0,D,0,0,D,2.25,3.30,3.60,0.44,0.30,0.28,1.62,1.14
13/09/14,Liverpool,Aston Villa,0,1,A,0,1,A,1.30,6.00,11.00,0.77,0.17,0.09,2.48,0.44
13/09/14,Southampton,Newcastle,4,0,H,2,0,H,1.80,3.75,5.00,0.56,0.27,0.20,1.95,0.87
13/09/14,Stoke,Leicester,0,1,A,0,0,D,2.10,3.40,4.00,0.48,0.29,0.25,1.73,1.04
13/09/14,Sunderland,Spurs,2,2,D,1,1,D,3.60,3.50,2.15,0.28,0.29,0.47,1.13,1.70
13/09/14,West Brom,Everton,0,2,A,0,1,A,3.50,3.50,2.20,0.29,0.29,0.45,1.16,1.64
14/09/14,Man Utd,QPR,4,0,H,3,0,H,1.29,6.25,12.00,0.78,0.16,0.08,2.50,0.40
15/09/14,Hull,West Ham,2,2,D,1,0,H,2.15,3.40,3.75,0.47,0.29,0.27,1.70,1.10
20/09/14,Aston Villa,Arsenal,0,3,A,0,3,A,4.75,3.60,1.85,0.21,0.28,0.54,0.91,1.90
20/09/14,Burnley,Sunderland,0,0,D,0,0,D,2.50,3.30,3.10,0.40,0.30,0.32,1.50,1.26
20/09/14,Newcastle,Hull,2,2,D,0,0,D,2.20,3.30,3.75,0.45,0.30,0.27,1.65,1.11
20/09/14,QPR,Stoke,2,2,D,1,1,D,2.80,3.25,2.80,0.36,0.31,0.36,1.39,1.39
20/09/14,Swansea,Southampton,0,1,A,0,0,D,2.50,3.30,3.10,0.40,0.30,0.32,1.50,1.26
20/09/14,West Ham,Liverpool,3,1,H,2,1,H,4.50,3.80,1.85,0.22,0.26,0.54,0.92,1.88
21/09/14,Everton,CPalace,2,3,A,1,1,D,1.40,5.00,9.00,0.71,0.20,0.11,2.33,0.53
21/09/14,Leicester,Man Utd,5,3,H,1,2,A,5.50,4.20,1.67,0.18,0.24,0.60,0.78,2.04
21/09/14,Man City,Chelsea,1,1,D,0,0,D,2.38,3.50,3.10,0.42,0.29,0.32,1.55,1.25
21/09/14,Spurs,West Brom,0,1,A,0,0,D,1.53,4.33,7.00,0.65,0.23,0.14,2.18,0.65
27/09/14,Arsenal,Spurs,1,1,D,0,0,D,1.75,3.90,5.00,0.57,0.26,0.20,1.97,0.86
27/09/14,Chelsea,Aston Villa,3,0,H,1,0,H,1.22,7.00,16.00,0.82,0.14,0.06,2.60,0.32
27/09/14,CPalace,Leicester,2,0,H,0,0,D,2.63,3.40,2.88,0.38,0.29,0.35,1.43,1.34
27/09/14,Hull,Man City,2,4,A,2,2,D,6.50,4.20,1.57,0.15,0.24,0.64,0.69,2.16
27/09/14,Liverpool,Everton,1,1,D,0,0,D,1.91,3.75,4.33,0.52,0.27,0.23,1.83,0.96
27/09/14,Man Utd,West Ham,2,1,H,2,1,H,1.40,5.50,8.00,0.71,0.18,0.13,2.31,0.57
27/09/14,Southampton,QPR,2,1,H,0,0,D,1.44,4.60,8.50,0.69,0.22,0.12,2.29,0.58
27/09/14,Sunderland,Swansea,0,0,D,0,0,D,2.90,3.30,2.63,0.34,0.30,0.38,1.32,1.44
28/09/14,West Brom,Burnley,4,0,H,2,0,H,2.00,3.50,4.20,0.50,0.29,0.24,1.79,1.01
29/09/14,Stoke,Newcastle,1,0,H,1,0,H,2.15,3.40,3.80,0.47,0.29,0.26,1.70,1.07
04/10/14,Aston Villa,Man City,0,2,A,0,0,D,7.50,4.50,1.50,0.13,0.22,0.67,0.61,2.23
04/10/14,Hull,CPalace,2,0,H,0,0,D,2.10,3.50,3.80,0.48,0.29,0.26,1.73,1.07
04/10/14,Leicester,Burnley,2,2,D,2,1,H,1.80,3.75,5.00,0.56,0.27,0.20,1.95,0.87
04/10/14,Liverpool,West Brom,2,1,H,1,0,H,1.44,5.00,7.50,0.69,0.20,0.13,2.27,0.59
04/10/14,Sunderland,Stoke,3,1,H,2,1,H,2.55,3.25,3.10,0.39,0.31,0.32,1.48,1.27
04/10/14,Swansea,Newcastle,2,2,D,1,1,D,1.91,3.70,4.33,0.52,0.27,0.23,1.83,0.96
05/10/14,Chelsea,Arsenal,2,0,H,1,0,H,1.67,4.20,5.25,0.60,0.24,0.19,2.04,0.81
05/10/14,Man Utd,Everton,2,1,H,1,0,H,1.67,4.20,5.25,0.60,0.24,0.19,2.04,0.81
05/10/14,Spurs,Southampton,1,0,H,1,0,H,2.20,3.50,3.50,0.45,0.29,0.29,1.64,1.16
05/10/14,West Ham,QPR,2,0,H,1,0,H,1.91,3.60,4.50,0.52,0.28,0.22,1.84,0.94
18/10/14,Arsenal,Hull,2,2,D,1,1,D,1.40,5.00,9.00,0.71,0.20,0.11,2.33,0.53
18/10/14,Burnley,West Ham,1,3,A,0,0,D,2.80,3.40,2.70,0.36,0.29,0.37,1.37,1.40
18/10/14,CPalace,Chelsea,1,2,A,0,1,A,8.50,4.75,1.44,0.12,0.21,0.69,0.57,2.28
18/10/14,Everton,Aston Villa,3,0,H,1,0,H,1.60,4.00,6.50,0.63,0.25,0.15,2.14,0.70
18/10/14,Man City,Spurs,4,1,H,2,1,H,1.45,4.75,8.00,0.69,0.21,0.13,2.28,0.60
18/10/14,Newcastle,Leicester,1,0,H,0,0,D,2.25,3.60,3.30,0.44,0.28,0.30,1.60,1.18
18/10/14,Southampton,Sunderland,8,0,H,3,0,H,1.57,4.00,7.00,0.64,0.25,0.14,2.17,0.67
19/10/14,QPR,Liverpool,2,3,A,0,0,D,6.00,4.20,1.60,0.17,0.24,0.63,0.75,2.13
19/10/14,Stoke,Swansea,2,1,H,1,1,D,2.50,3.30,3.10,0.40,0.30,0.32,1.50,1.26
20/10/14,West Brom,Man Utd,2,2,D,1,0,H,5.00,4.00,1.75,0.20,0.25,0.57,0.85,1.96
25/10/14,Liverpool,Hull,0,0,D,0,0,D,1.44,4.75,8.00,0.69,0.21,0.13,2.28,0.60
25/10/14,Southampton,Stoke,1,0,H,1,0,H,1.65,4.00,6.00,0.61,0.25,0.17,2.08,0.76
25/10/14,Sunderland,Arsenal,0,2,A,0,1,A,5.50,3.80,1.73,0.18,0.26,0.58,0.80,2.00
25/10/14,Swansea,Leicester,2,0,H,1,0,H,1.95,3.70,4.20,0.51,0.27,0.24,1.80,0.99
25/10/14,West Brom,CPalace,2,2,D,0,2,A,1.91,3.60,4.50,0.52,0.28,0.22,1.84,0.94
25/10/14,West Ham,Man City,2,1,H,1,0,H,6.50,4.50,1.55,0.15,0.22,0.65,0.67,2.17
26/10/14,Burnley,Everton,1,3,A,1,2,A,4.75,3.75,1.83,0.21,0.27,0.55,0.90,1.92
26/10/14,Man Utd,Chelsea,1,1,D,0,0,D,2.88,3.60,2.50,0.35,0.28,0.40,1.33,1.48
26/10/14,Spurs,Newcastle,1,2,A,1,0,H,1.75,3.90,5.00,0.57,0.26,0.20,1.97,0.86
27/10/14,QPR,Aston Villa,2,0,H,1,0,H,2.38,3.25,3.40,0.42,0.31,0.29,1.57,1.18
01/11/14,Arsenal,Burnley,3,0,H,0,0,D,1.25,6.50,14.00,0.80,0.15,0.07,2.55,0.36
01/11/14,Chelsea,QPR,2,1,H,1,0,H,1.17,8.50,21.00,0.85,0.12,0.05,2.67,0.27
01/11/14,Everton,Swansea,0,0,D,0,0,D,1.75,3.80,5.25,0.57,0.26,0.19,1.97,0.83
01/11/14,Hull,Southampton,0,1,A,0,1,A,3.80,3.60,2.05,0.26,0.28,0.49,1.06,1.75
01/11/14,Leicester,West Brom,0,1,A,0,0,D,2.30,3.50,3.30,0.43,0.29,0.30,1.58,1.19
01/11/14,Newcastle,Liverpool,1,0,H,0,0,D,3.80,3.75,2.00,0.26,0.27,0.50,1.05,1.77
01/11/14,Stoke,West Ham,2,2,D,1,0,H,2.38,3.40,3.25,0.42,0.29,0.31,1.55,1.22
02/11/14,Aston Villa,Spurs,1,2,A,1,0,H,3.75,3.60,2.10,0.27,0.28,0.48,1.09,1.72
02/11/14,Man City,Man Utd,1,0,H,0,0,D,1.91,3.75,4.33,0.52,0.27,0.23,1.83,0.96
03/11/14,CPalace,Sunderland,1,3,A,0,1,A,2.10,3.50,3.80,0.48,0.29,0.26,1.73,1.07
08/11/14,Burnley,Hull,1,0,H,0,0,D,2.50,3.40,3.00,0.40,0.29,0.33,1.49,1.28
08/11/14,Liverpool,Chelsea,1,2,A,1,1,D,3.40,3.40,2.30,0.29,0.29,0.43,1.16,1.58
08/11/14,Man Utd,CPalace,1,0,H,0,0,D,1.30,6.00,11.00,0.77,0.17,0.09,2.48,0.44
08/11/14,QPR,Man City,2,2,D,1,1,D,7.00,4.75,1.50,0.14,0.21,0.67,0.63,2.22
08/11/14,Southampton,Leicester,2,0,H,0,0,D,1.44,4.75,8.00,0.69,0.21,0.13,2.28,0.60
08/11/14,West Ham,Aston Villa,0,0,D,0,0,D,1.75,3.75,5.50,0.57,0.27,0.18,1.98,0.81
09/11/14,Sunderland,Everton,1,1,D,0,0,D,4.00,3.50,2.05,0.25,0.29,0.49,1.04,1.76
09/11/14,Swansea,Arsenal,2,1,H,0,0,D,3.75,3.50,2.10,0.27,0.29,0.48,1.10,1.73
09/11/14,Spurs,Stoke,1,2,A,0,2,A,1.70,4.00,5.50,0.59,0.25,0.18,2.02,0.79
09/11/14,West Brom,Newcastle,0,2,A,0,1,A,2.30,3.50,3.30,0.43,0.29,0.30,1.58,1.19
22/11/14,Arsenal,Man Utd,1,2,A,0,0,D,2.15,3.60,3.50,0.47,0.28,0.29,1.69,1.15
22/11/14,Chelsea,West Brom,2,0,H,2,0,H,1.25,6.50,15.00,0.80,0.15,0.07,2.55,0.36
22/11/14,Everton,West Ham,2,1,H,1,0,H,1.85,3.80,4.50,0.54,0.26,0.22,1.88,0.92
22/11/14,Leicester,Sunderland,0,0,D,0,0,D,2.10,3.50,3.80,0.48,0.29,0.26,1.73,1.07
22/11/14,Man City,Swansea,2,1,H,1,1,D,1.40,5.25,8.50,0.71,0.19,0.12,2.32,0.55
22/11/14,Newcastle,QPR,1,0,H,0,0,D,1.83,3.75,4.75,0.55,0.27,0.21,1.92,0.90
22/11/14,Stoke,Burnley,1,2,A,1,2,A,1.70,3.80,5.75,0.59,0.26,0.17,2.03,0.77
23/11/14,CPalace,Liverpool,3,1,H,1,1,D,4.33,3.70,1.91,0.23,0.27,0.52,0.96,1.83
23/11/14,Hull,Spurs,1,2,A,1,0,H,3.60,3.40,2.20,0.28,0.29,0.45,1.13,1.64
24/11/14,Aston Villa,Southampton,1,1,D,1,0,H,5.25,3.75,1.75,0.19,0.27,0.57,0.84,1.98
29/11/14,Burnley,Aston Villa,1,1,D,0,1,A,2.15,3.40,3.75,0.47,0.29,0.27,1.70,1.10
29/11/14,Liverpool,Stoke,1,0,H,0,0,D,1.73,4.00,5.00,0.58,0.25,0.20,1.99,0.85
29/11/14,Man Utd,Hull,3,0,H,2,0,H,1.33,5.75,10.00,0.75,0.17,0.10,2.42,0.47
29/11/14,QPR,Leicester,3,2,H,2,1,H,2.38,3.40,3.25,0.42,0.29,0.31,1.55,1.22
29/11/14,Sunderland,Chelsea,0,0,D,0,0,D,9.00,5.00,1.40,0.11,0.20,0.71,0.53,2.33
29/11/14,Swansea,CPalace,1,1,D,1,1,D,1.80,3.75,5.00,0.56,0.27,0.20,1.95,0.87
29/11/14,West Brom,Arsenal,0,1,A,0,0,D,4.50,3.80,1.85,0.22,0.26,0.54,0.92,1.88
29/11/14,West Ham,Newcastle,1,0,H,0,0,D,2.15,3.50,3.60,0.47,0.29,0.28,1.70,1.13
30/11/14,Southampton,Man City,0,3,A,0,0,D,3.20,3.60,2.30,0.31,0.28,0.43,1.21,1.57
30/11/14,Spurs,Everton,2,1,H,2,1,H,2.25,3.60,3.25,0.44,0.28,0.31,1.60,1.21
02/12/14,Burnley,Newcastle,1,1,D,1,0,H,2.80,3.30,2.75,0.36,0.30,0.36,1.38,1.38
02/12/14,CPalace,Aston Villa,0,1,A,0,1,A,2.10,3.40,4.00,0.48,0.29,0.25,1.73,1.04
02/12/14,Leicester,Liverpool,1,3,A,1,1,D,3.80,3.60,2.05,0.26,0.28,0.49,1.06,1.75
02/12/14,Man Utd,Stoke,2,1,H,1,1,D,1.45,4.50,8.50,0.69,0.22,0.12,2.29,0.58
02/12/14,Swansea,QPR,2,0,H,0,0,D,1.73,3.80,5.50,0.58,0.26,0.18,2.00,0.80
02/12/14,West Brom,West Ham,1,2,A,1,2,A,2.50,3.40,3.00,0.40,0.29,0.33,1.49,1.28
03/12/14,Arsenal,Southampton,1,0,H,0,0,D,1.80,3.75,5.00,0.56,0.27,0.20,1.95,0.87
03/12/14,Chelsea,Spurs,3,0,H,2,0,H,1.40,5.00,9.00,0.71,0.20,0.11,2.33,0.53
03/12/14,Everton,Hull,1,1,D,1,0,H,1.53,4.33,7.00,0.65,0.23,0.14,2.18,0.65
03/12/14,Sunderland,Man City,1,4,A,1,2,A,7.50,4.50,1.50,0.13,0.22,0.67,0.61,2.23
06/12/14,Hull,West Brom,0,0,D,0,0,D,2.45,3.30,3.20,0.41,0.30,0.31,1.53,1.23
06/12/14,Liverpool,Sunderland,0,0,D,0,0,D,1.50,4.50,7.50,0.67,0.22,0.13,2.23,0.61
06/12/14,Man City,Everton,1,0,H,1,0,H,1.50,4.75,7.00,0.67,0.21,0.14,2.22,0.63
06/12/14,Newcastle,Chelsea,2,1,H,0,0,D,7.00,4.33,1.53,0.14,0.23,0.65,0.65,2.18
06/12/14,QPR,Burnley,2,0,H,0,0,D,2.05,3.50,4.00,0.49,0.29,0.25,1.76,1.04
06/12/14,Stoke,Arsenal,3,2,H,3,0,H,4.00,3.60,2.00,0.25,0.28,0.50,1.03,1.78
06/12/14,Spurs,CPalace,0,0,D,0,0,D,1.60,4.20,6.00,0.63,0.24,0.17,2.13,0.75
07/12/14,Aston Villa,Leicester,2,1,H,1,1,D,2.40,3.40,3.20,0.42,0.29,0.31,1.55,1.22
07/12/14,West Ham,Swansea,3,1,H,1,1,D,2.35,3.40,3.25,0.43,0.29,0.31,1.58,1.22
08/12/14,Southampton,Man Utd,1,2,A,1,1,D,2.80,3.40,2.70,0.36,0.29,0.37,1.37,1.40
13/12/14,Arsenal,Newcastle,4,1,H,1,0,H,1.44,4.75,8.00,0.69,0.21,0.13,2.28,0.60
13/12/14,Burnley,Southampton,1,0,H,0,0,D,5.50,3.75,1.73,0.18,0.27,0.58,0.81,2.01
13/12/14,Chelsea,Hull,2,0,H,1,0,H,1.18,8.00,18.00,0.85,0.13,0.06,2.68,0.31
13/12/14,CPalace,Stoke,1,1,D,1,1,D,2.60,3.25,3.00,0.38,0.31,0.33,1.45,1.30
13/12/14,Leicester,Man City,0,1,A,0,1,A,7.00,4.75,1.50,0.14,0.21,0.67,0.63,2.22
13/12/14,Sunderland,West Ham,1,1,D,1,1,D,2.95,3.40,2.55,0.34,0.29,0.39,1.31,1.46
13/12/14,West Brom,Aston Villa,1,0,H,0,0,D,2.15,3.40,3.80,0.47,0.29,0.26,1.70,1.07
14/12/14,Man Utd,Liverpool,3,0,H,2,0,H,1.80,3.80,4.75,0.56,0.26,0.21,1.94,0.89
14/12/14,Swansea,Spurs,1,2,A,0,1,A,2.50,3.40,3.00,0.40,0.29,0.33,1.49,1.28
15/12/14,Everton,QPR,3,1,H,2,0,H,1.45,4.50,8.50,0.69,0.22,0.12,2.29,0.58
20/12/14,Aston Villa,Man Utd,1,1,D,1,0,H,6.25,4.00,1.62,0.16,0.25,0.62,0.73,2.11
20/12/14,Hull,Swansea,0,1,A,0,1,A,3.10,3.30,2.50,0.32,0.30,0.40,1.26,1.50
20/12/14,Man City,CPalace,3,0,H,0,0,D,1.29,6.00,12.00,0.78,0.17,0.08,2.51,0.41
20/12/14,QPR,West Brom,3,2,H,1,2,A,2.45,3.30,3.20,0.41,0.30,0.31,1.53,1.23
20/12/14,Southampton,Everton,3,0,H,1,0,H,2.45,3.50,3.00,0.41,0.29,0.33,1.52,1.28
20/12/14,Spurs,Burnley,2,1,H,2,1,H,1.50,4.50,7.50,0.67,0.22,0.13,2.23,0.61
20/12/14,West Ham,Leicester,2,0,H,1,0,H,1.75,3.90,5.00,0.57,0.26,0.20,1.97,0.86
21/12/14,Liverpool,Arsenal,2,2,D,1,1,D,2.80,3.50,2.60,0.36,0.29,0.38,1.37,1.43
21/12/14,Newcastle,Sunderland,0,1,A,0,0,D,2.05,3.50,4.00,0.49,0.29,0.25,1.76,1.04
22/12/14,Stoke,Chelsea,0,2,A,0,1,A,6.25,4.00,1.62,0.16,0.25,0.62,0.73,2.11
26/12/14,Arsenal,QPR,2,1,H,1,0,H,1.29,6.00,13.00,0.78,0.17,0.08,2.51,0.41
26/12/14,Burnley,Liverpool,0,1,A,0,0,D,4.75,3.80,1.80,0.21,0.26,0.56,0.89,1.94
26/12/14,Chelsea,West Ham,2,0,H,1,0,H,1.33,5.75,10.00,0.75,0.17,0.10,2.42,0.47
26/12/14,CPalace,Southampton,1,3,A,0,1,A,3.75,3.40,2.15,0.27,0.29,0.47,1.10,1.70
26/12/14,Everton,Stoke,0,1,A,0,1,A,1.83,3.60,5.00,0.55,0.28,0.20,1.93,0.88
26/12/14,Leicester,Spurs,1,2,A,0,1,A,3.80,3.60,2.05,0.26,0.28,0.49,1.06,1.75
26/12/14,Man Utd,Newcastle,3,1,H,2,0,H,1.40,5.00,9.00,0.71,0.20,0.11,2.33,0.53
26/12/14,Sunderland,Hull,1,3,A,1,1,D,2.05,3.40,4.20,0.49,0.29,0.24,1.76,1.01
26/12/14,Swansea,Aston Villa,1,0,H,1,0,H,1.75,3.75,5.25,0.57,0.27,0.19,1.98,0.84
26/12/14,West Brom,Man City,1,3,A,0,3,A,6.50,4.50,1.53,0.15,0.22,0.65,0.67,2.17
28/12/14,Aston Villa,Sunderland,0,0,D,0,0,D,2.35,3.30,3.40,0.43,0.30,0.29,1.59,1.17
28/12/14,Hull,Leicester,0,1,A,0,1,A,2.25,3.40,3.50,0.44,0.29,0.29,1.61,1.16
28/12/14,Man City,Burnley,2,2,D,2,0,H,1.18,8.00,19.00,0.85,0.13,0.05,2.68,0.28
28/12/14,Newcastle,Everton,3,2,H,1,1,D,2.90,3.40,2.60,0.34,0.29,0.38,1.31,1.43
28/12/14,QPR,CPalace,0,0,D,0,0,D,2.38,3.40,3.25,0.42,0.29,0.31,1.55,1.22
28/12/14,Southampton,Chelsea,1,1,D,1,1,D,4.75,3.75,1.83,0.21,0.27,0.55,0.90,1.92
28/12/14,Stoke,West Brom,2,0,H,0,0,D,1.91,3.60,4.50,0.52,0.28,0.22,1.84,0.94
28/12/14,Spurs,Man Utd,0,0,D,0,0,D,3.25,3.60,2.30,0.31,0.28,0.43,1.21,1.57
28/12/14,West Ham,Arsenal,1,2,A,0,2,A,3.50,3.50,2.20,0.29,0.29,0.45,1.16,1.64
29/12/14,Liverpool,Swansea,4,1,H,1,0,H,1.70,4.00,5.50,0.59,0.25,0.18,2.02,0.79
01/01/15,Aston Villa,CPalace,0,0,D,0,0,D,2.40,3.30,3.30,0.42,0.30,0.30,1.56,1.20
01/01/15,Hull,Everton,2,0,H,2,0,H,3.40,3.40,2.30,0.29,0.29,0.43,1.16,1.58
01/01/15,Liverpool,Leicester,2,2,D,2,0,H,1.40,5.00,9.00,0.71,0.20,0.11,2.33,0.53
01/01/15,Man City,Sunderland,3,2,H,0,0,D,1.22,7.00,15.00,0.82,0.14,0.07,2.60,0.35
01/01/15,Newcastle,Burnley,3,3,D,2,1,H,1.83,3.75,4.75,0.55,0.27,0.21,1.92,0.90
01/01/15,QPR,Swansea,1,1,D,1,0,H,3.00,3.40,2.50,0.33,0.29,0.40,1.28,1.49
01/01/15,Southampton,Arsenal,2,0,H,1,0,H,2.90,3.40,2.60,0.34,0.29,0.38,1.31,1.43
01/01/15,Stoke,Man Utd,1,1,D,1,1,D,4.20,3.50,2.00,0.24,0.29,0.50,1.01,1.79
01/01/15,Spurs,Chelsea,5,3,H,3,1,H,5.00,3.75,1.80,0.20,0.27,0.56,0.87,1.95
01/01/15,West Ham,West Brom,1,1,D,1,1,D,1.85,3.75,4.50,0.54,0.27,0.22,1.89,0.93
10/01/15,Burnley,QPR,2,1,H,2,1,H,2.20,3.40,3.60,0.45,0.29,0.28,1.64,1.13
10/01/15,Chelsea,Newcastle,2,0,H,1,0,H,1.20,7.50,17.00,0.83,0.13,0.06,2.62,0.31
10/01/15,CPalace,Spurs,2,1,H,0,0,D,3.50,3.50,2.20,0.29,0.29,0.45,1.16,1.64
10/01/15,Everton,Man City,1,1,D,0,0,D,4.50,3.75,1.85,0.22,0.27,0.54,0.93,1.89
10/01/15,Leicester,Aston Villa,1,0,H,1,0,H,2.20,3.40,3.60,0.45,0.29,0.28,1.64,1.13
10/01/15,Sunderland,Liverpool,0,1,A,0,1,A,4.50,3.60,1.91,0.22,0.28,0.52,0.94,1.84
10/01/15,Swansea,West Ham,1,1,D,0,1,A,2.25,3.50,3.40,0.44,0.29,0.29,1.61,1.16
10/01/15,West Brom,Hull,1,0,H,0,0,D,2.05,3.40,4.20,0.49,0.29,0.24,1.76,1.01
11/01/15,Arsenal,Stoke,3,0,H,2,0,H,1.44,4.75,8.00,0.69,0.21,0.13,2.28,0.60
11/01/15,Man Utd,Southampton,0,1,A,0,0,D,1.83,3.75,4.75,0.55,0.27,0.21,1.92,0.90
17/01/15,Aston Villa,Liverpool,0,2,A,0,1,A,4.50,3.60,1.91,0.22,0.28,0.52,0.94,1.84
17/01/15,Burnley,CPalace,2,3,A,2,1,H,2.55,3.25,3.10,0.39,0.31,0.32,1.48,1.27
17/01/15,Leicester,Stoke,0,1,A,0,0,D,2.63,3.30,2.90,0.38,0.30,0.34,1.44,1.32
17/01/15,Newcastle,Southampton,1,2,A,1,1,D,3.30,3.30,2.38,0.30,0.30,0.42,1.20,1.56
17/01/15,QPR,Man Utd,0,2,A,0,0,D,6.00,4.20,1.62,0.17,0.24,0.62,0.75,2.10
17/01/15,Swansea,Chelsea,0,5,A,0,4,A,7.00,4.20,1.55,0.14,0.24,0.65,0.66,2.19
17/01/15,Spurs,Sunderland,2,1,H,1,1,D,1.62,4.20,6.00,0.62,0.24,0.17,2.10,0.75
18/01/15,Man City,Arsenal,0,2,A,0,1,A,1.80,4.00,4.50,0.56,0.25,0.22,1.93,0.91
18/01/15,West Ham,Hull,3,0,H,0,0,D,1.75,3.75,5.25,0.57,0.27,0.19,1.98,0.84
19/01/15,Everton,West Brom,0,0,D,0,0,D,1.85,3.60,4.75,0.54,0.28,0.21,1.90,0.91
31/01/15,Chelsea,Man City,1,1,D,1,1,D,2.15,3.50,3.60,0.47,0.29,0.28,1.70,1.13
31/01/15,CPalace,Everton,0,1,A,0,1,A,2.80,3.30,2.75,0.36,0.30,0.36,1.38,1.38
31/01/15,Hull,Newcastle,0,3,A,0,1,A,2.70,3.25,2.88,0.37,0.31,0.35,1.42,1.36
31/01/15,Liverpool,West Ham,2,0,H,0,0,D,1.67,4.00,5.75,0.60,0.25,0.17,2.05,0.76
31/01/15,Man Utd,Leicester,3,1,H,3,0,H,1.36,5.50,9.50,0.74,0.18,0.11,2.40,0.51
31/01/15,Stoke,QPR,3,1,H,2,1,H,1.65,4.00,6.00,0.61,0.25,0.17,2.08,0.76
31/01/15,Sunderland,Burnley,2,0,H,2,0,H,2.25,3.30,3.60,0.44,0.30,0.28,1.62,1.14
31/01/15,West Brom,Spurs,0,3,A,0,2,A,2.90,3.30,2.63,0.34,0.30,0.38,1.32,1.44
01/02/15,Arsenal,Aston Villa,5,0,H,1,0,H,1.25,6.50,15.00,0.80,0.15,0.07,2.55,0.36
01/02/15,Southampton,Swansea,0,1,A,0,0,D,1.60,4.00,6.50,0.63,0.25,0.15,2.14,0.70
07/02/15,Aston Villa,Chelsea,1,2,A,0,1,A,10.00,5.25,1.36,0.10,0.19,0.74,0.49,2.41
07/02/15,Everton,Liverpool,0,0,D,0,0,D,3.40,3.40,2.30,0.29,0.29,0.43,1.16,1.58
07/02/15,Leicester,CPalace,0,1,A,0,0,D,2.40,3.30,3.25,0.42,0.30,0.31,1.56,1.23
07/02/15,Man City,Hull,1,1,D,0,1,A,1.18,8.00,19.00,0.85,0.13,0.05,2.68,0.28
07/02/15,QPR,Southampton,0,1,A,0,0,D,4.75,3.60,1.85,0.21,0.28,0.54,0.91,1.90
07/02/15,Swansea,Sunderland,1,1,D,0,1,A,1.91,3.50,4.60,0.52,0.29,0.22,1.85,0.95
07/02/15,Spurs,Arsenal,2,1,H,0,1,A,3.25,3.50,2.30,0.31,0.29,0.43,1.22,1.58
08/02/15,Burnley,West Brom,2,2,D,2,1,H,2.60,3.25,3.00,0.38,0.31,0.33,1.45,1.30
08/02/15,Newcastle,Stoke,1,1,D,0,0,D,2.30,3.40,3.40,0.43,0.29,0.29,1.58,1.16
08/02/15,West Ham,Man Utd,1,1,D,0,0,D,4.20,3.60,1.95,0.24,0.28,0.51,1.00,1.81
10/02/15,Arsenal,Leicester,2,1,H,2,0,H,1.29,6.00,12.00,0.78,0.17,0.08,2.51,0.41
10/02/15,Hull,Aston Villa,2,0,H,1,0,H,2.38,3.10,3.50,0.42,0.32,0.29,1.58,1.19
10/02/15,Liverpool,Spurs,3,2,H,1,1,D,1.91,3.80,4.20,0.52,0.26,0.24,1.82,0.98
10/02/15,Sunderland,QPR,0,2,A,0,2,A,1.91,3.60,4.50,0.52,0.28,0.22,1.84,0.94
11/02/15,Chelsea,Everton,1,0,H,0,0,D,1.33,5.50,11.00,0.75,0.18,0.09,2.43,0.45
11/02/15,CPalace,Newcastle,1,1,D,0,1,A,2.38,3.30,3.30,0.42,0.30,0.30,1.56,1.20
11/02/15,Man Utd,Burnley,3,1,H,2,1,H,1.29,6.00,12.00,0.78,0.17,0.08,2.51,0.41
11/02/15,Southampton,West Ham,0,0,D,0,0,D,1.73,3.90,5.25,0.58,0.26,0.19,2.00,0.83
11/02/15,Stoke,Man City,1,4,A,1,1,D,5.75,3.80,1.70,0.17,0.26,0.59,0.77,2.03
11/02/15,West Brom,Swansea,2,0,H,0,0,D,2.55,3.25,3.10,0.39,0.31,0.32,1.48,1.27
21/02/15,Aston Villa,Stoke,1,2,A,1,1,D,2.70,3.20,2.90,0.37,0.31,0.34,1.42,1.33
21/02/15,Chelsea,Burnley,1,1,D,1,0,H,1.20,7.50,17.00,0.83,0.13,0.06,2.62,0.31
21/02/15,CPalace,Arsenal,1,2,A,0,2,A,4.75,3.75,1.83,0.21,0.27,0.55,0.90,1.92
21/02/15,Hull,QPR,2,1,H,1,1,D,2.05,3.30,4.20,0.49,0.30,0.24,1.77,1.02
21/02/15,Man City,Newcastle,5,0,H,3,0,H,1.30,6.00,11.00,0.77,0.17,0.09,2.48,0.44
21/02/15,Sunderland,West Brom,0,0,D,0,0,D,2.70,3.20,2.90,0.37,0.31,0.34,1.42,1.33
21/02/15,Swansea,Man Utd,2,1,H,1,1,D,4.20,3.50,2.00,0.24,0.29,0.50,1.01,1.79
22/02/15,Everton,Leicester,2,2,D,0,0,D,1.83,3.60,5.00,0.55,0.28,0.20,1.93,0.88
22/02/15,Southampton,Liverpool,0,2,A,0,1,A,2.63,3.30,2.90,0.38,0.30,0.34,1.44,1.32
22/02/15,Spurs,West Ham,2,2,D,0,1,A,1.80,3.80,4.75,0.56,0.26,0.21,1.94,0.89
